{"v":"5.5.7","meta":{"g":"LottieFiles AE 0.1.20","a":"","k":"","d":"","tc":""},"fr":29.9700012207031,"ip":0,"op":51.0000020772726,"w":558,"h":522,"nm":"duh_trailer","ddd":0,"assets":[],"layers":[{"ddd":0,"ind":1,"ty":3,"nm":"TRAILER","sr":1,"ks":{"o":{"a":0,"k":100,"ix":11},"r":{"a":0,"k":0,"ix":10},"p":{"a":0,"k":[276,485,0],"ix":2},"a":{"a":0,"k":[0,0,0],"ix":1},"s":{"a":0,"k":[79,79,100],"ix":6}},"ao":0,"sy":[{"ty":0,"nm":"Stroke","c":{"a":0,"k":[0,0,0,1],"ix":2},"s":{"a":0,"k":1,"ix":3}}],"ip":0,"op":2703.00011009545,"st":0,"bm":0},{"ddd":0,"ind":2,"ty":1,"nm":"Black Solid 2","parent":1,"sr":1,"ks":{"o":{"a":0,"k":100,"ix":11},"r":{"a":1,"k":[{"i":{"x":[0.833],"y":[0.833]},"o":{"x":[0.167],"y":[0.167]},"t":0,"s":[0]},{"t":50.0000020365418,"s":[360]}],"ix":10},"p":{"a":0,"k":[-14.557,-295.57,0],"ix":2},"a":{"a":0,"k":[579.02,394.861,0],"ix":1},"s":{"a":0,"k":[126.582,126.582,100],"ix":6}},"ao":0,"hasMask":true,"masksProperties":[{"inv":false,"mode":"a","pt":{"a":0,"k":{"i":[[76.768,0],[0,-76.768],[-76.768,0],[0,76.768]],"o":[[-76.768,0],[0,76.768],[76.768,0],[0,-76.768]],"v":[[578.69,255.5],[439.69,394.5],[578.69,533.5],[717.69,394.5]],"c":true},"ix":1},"o":{"a":0,"k":100,"ix":3},"x":{"a":0,"k":0,"ix":4},"nm":"Mask 9"},{"inv":false,"mode":"s","pt":{"a":0,"k":{"i":[[17.397,0],[0,-17.397],[-17.397,0],[0,17.397]],"o":[[-17.397,0],[0,17.397],[17.397,0],[0,-17.397]],"v":[[581.221,284.809],[549.721,316.309],[581.221,347.809],[612.721,316.309]],"c":true},"ix":1},"o":{"a":0,"k":100,"ix":3},"x":{"a":0,"k":0,"ix":4},"nm":"Mask 2"},{"inv":false,"mode":"s","pt":{"a":0,"k":{"i":[[17.397,0],[0,-17.397],[-17.397,0],[0,17.397]],"o":[[-17.397,0],[0,17.397],[17.397,0],[0,-17.397]],"v":[[504.221,341.809],[472.721,373.309],[504.221,404.809],[535.721,373.309]],"c":true},"ix":1},"o":{"a":0,"k":100,"ix":3},"x":{"a":0,"k":0,"ix":4},"nm":"Mask 3"},{"inv":false,"mode":"s","pt":{"a":0,"k":{"i":[[17.397,0],[0,-17.397],[-17.397,0],[0,17.397]],"o":[[-17.397,0],[0,17.397],[17.397,0],[0,-17.397]],"v":[[533.221,430.809],[501.721,462.309],[533.221,493.809],[564.721,462.309]],"c":true},"ix":1},"o":{"a":0,"k":100,"ix":3},"x":{"a":0,"k":0,"ix":4},"nm":"Mask 4"},{"inv":false,"mode":"s","pt":{"a":0,"k":{"i":[[17.397,0],[0,-17.397],[-17.397,0],[0,17.397]],"o":[[-17.397,0],[0,17.397],[17.397,0],[0,-17.397]],"v":[[627.221,429.809],[595.721,461.308],[627.221,492.808],[658.721,461.308]],"c":true},"ix":1},"o":{"a":0,"k":100,"ix":3},"x":{"a":0,"k":0,"ix":4},"nm":"Mask 5"},{"inv":false,"mode":"s","pt":{"a":0,"k":{"i":[[17.397,0],[0,-17.397],[-17.397,0],[0,17.397]],"o":[[-17.397,0],[0,17.397],[17.397,0],[0,-17.397]],"v":[[656.221,339.809],[624.721,371.309],[656.221,402.809],[687.721,371.309]],"c":true},"ix":1},"o":{"a":0,"k":100,"ix":3},"x":{"a":0,"k":0,"ix":4},"nm":"Mask 6"},{"inv":false,"mode":"s","pt":{"a":0,"k":{"i":[[11.322,0],[0,-11.322],[-11.322,0],[0,11.322]],"o":[[-11.322,0],[0,11.322],[11.322,0],[0,-11.322]],"v":[[580.221,375.809],[559.721,396.309],[580.221,416.809],[600.721,396.309]],"c":true},"ix":1},"o":{"a":0,"k":100,"ix":3},"x":{"a":0,"k":0,"ix":4},"nm":"Mask 7"}],"ef":[{"ty":21,"nm":"Fill 3","np":9,"mn":"ADBE Fill","ix":1,"en":1,"ef":[{"ty":10,"nm":"Fill Mask","mn":"ADBE Fill-0001","ix":1,"v":{"a":0,"k":0,"ix":1}},{"ty":7,"nm":"All Masks","mn":"ADBE Fill-0007","ix":2,"v":{"a":0,"k":0,"ix":2}},{"ty":2,"nm":"Color","mn":"ADBE Fill-0002","ix":3,"v":{"a":0,"k":[0,0,0,1],"ix":3}},{"ty":7,"nm":"Invert","mn":"ADBE Fill-0006","ix":4,"v":{"a":0,"k":0,"ix":4}},{"ty":0,"nm":"Horizontal Feather","mn":"ADBE Fill-0003","ix":5,"v":{"a":0,"k":0,"ix":5}},{"ty":0,"nm":"Vertical Feather","mn":"ADBE Fill-0004","ix":6,"v":{"a":0,"k":0,"ix":6}},{"ty":0,"nm":"Opacity","mn":"ADBE Fill-0005","ix":7,"v":{"a":0,"k":1,"ix":7}}]}],"sw":1200,"sh":900,"sc":"#000000","ip":0,"op":51.0000020772726,"st":0,"bm":0},{"ddd":0,"ind":3,"ty":1,"nm":"Black Solid 2","parent":1,"sr":1,"ks":{"o":{"a":0,"k":100,"ix":11},"r":{"a":0,"k":0,"ix":10},"p":{"a":0,"k":[16.139,-275,0],"ix":2},"a":{"a":0,"k":[599.44,410.25,0],"ix":1},"s":{"a":0,"k":[126.582,126.582,100],"ix":6}},"ao":0,"hasMask":true,"masksProperties":[{"inv":false,"mode":"a","pt":{"a":0,"k":{"i":[[84.776,0],[0,-84.5],[-84.776,0],[0,84.5]],"o":[[-84.776,0],[0,84.5],[84.776,0],[0,-84.5]],"v":[[591.19,255.5],[437.69,408.5],[591.19,561.5],[744.69,408.5]],"c":true},"ix":1},"o":{"a":0,"k":100,"ix":3},"x":{"a":0,"k":0,"ix":4},"nm":"Mask 1"},{"inv":false,"mode":"s","pt":{"a":0,"k":{"i":[[73.382,0],[0,-80.634],[-80.081,0],[-21.092,12.053],[-10.149,11.063],[0,38.221],[0.88,6.503]],"o":[[-80.081,0],[0,80.634],[25.985,0],[13.099,-7.485],[23.873,-26.025],[0,-6.746],[-9.634,-71.226]],"v":[[582.69,255.5],[437.69,401.5],[582.69,547.5],[659.156,530.565],[713.23,501.537],[748.19,391.5],[726.356,381.613]],"c":true},"ix":1},"o":{"a":0,"k":100,"ix":3},"x":{"a":0,"k":0,"ix":4},"nm":"Mask 9"},{"inv":false,"mode":"n","pt":{"a":0,"k":{"i":[[76.215,0],[0,-78.977],[-76.215,0],[0,78.977]],"o":[[-76.215,0],[0,78.977],[76.215,0],[0,-78.977]],"v":[[575.69,255.5],[437.69,398.5],[575.69,541.5],[713.69,398.5]],"c":true},"ix":1},"o":{"a":0,"k":100,"ix":3},"x":{"a":0,"k":0,"ix":4},"nm":"Mask 8"},{"inv":false,"mode":"n","pt":{"a":0,"k":{"i":[[17.397,0],[0,-17.397],[-17.397,0],[0,17.397]],"o":[[-17.397,0],[0,17.397],[17.397,0],[0,-17.397]],"v":[[575.19,288.5],[543.69,320],[575.19,351.5],[606.69,320]],"c":true},"ix":1},"o":{"a":0,"k":100,"ix":3},"x":{"a":0,"k":0,"ix":4},"nm":"Mask 2"},{"inv":false,"mode":"n","pt":{"a":0,"k":{"i":[[17.397,0],[0,-17.397],[-17.397,0],[0,17.397]],"o":[[-17.397,0],[0,17.397],[17.397,0],[0,-17.397]],"v":[[498.19,345.5],[466.69,377],[498.19,408.5],[529.69,377]],"c":true},"ix":1},"o":{"a":0,"k":100,"ix":3},"x":{"a":0,"k":0,"ix":4},"nm":"Mask 3"},{"inv":false,"mode":"n","pt":{"a":0,"k":{"i":[[17.397,0],[0,-17.397],[-17.397,0],[0,17.397]],"o":[[-17.397,0],[0,17.397],[17.397,0],[0,-17.397]],"v":[[527.19,434.5],[495.69,466],[527.19,497.5],[558.69,466]],"c":true},"ix":1},"o":{"a":0,"k":100,"ix":3},"x":{"a":0,"k":0,"ix":4},"nm":"Mask 4"},{"inv":false,"mode":"n","pt":{"a":0,"k":{"i":[[17.397,0],[0,-17.397],[-17.397,0],[0,17.397]],"o":[[-17.397,0],[0,17.397],[17.397,0],[0,-17.397]],"v":[[621.19,433.5],[589.69,465],[621.19,496.5],[652.69,465]],"c":true},"ix":1},"o":{"a":0,"k":100,"ix":3},"x":{"a":0,"k":0,"ix":4},"nm":"Mask 5"},{"inv":false,"mode":"n","pt":{"a":0,"k":{"i":[[17.397,0],[0,-17.397],[-17.397,0],[0,17.397]],"o":[[-17.397,0],[0,17.397],[17.397,0],[0,-17.397]],"v":[[650.19,343.5],[618.69,375],[650.19,406.5],[681.69,375]],"c":true},"ix":1},"o":{"a":0,"k":100,"ix":3},"x":{"a":0,"k":0,"ix":4},"nm":"Mask 6"},{"inv":false,"mode":"n","pt":{"a":0,"k":{"i":[[11.322,0],[0,-11.322],[-11.322,0],[0,11.322]],"o":[[-11.322,0],[0,11.322],[11.322,0],[0,-11.322]],"v":[[574.19,379.5],[553.69,400],[574.19,420.5],[594.69,400]],"c":true},"ix":1},"o":{"a":0,"k":100,"ix":3},"x":{"a":0,"k":0,"ix":4},"nm":"Mask 7"},{"inv":false,"mode":"a","pt":{"a":0,"k":{"i":[[0,0],[-0.262,-8.196],[0,0],[-111,34.5]],"o":[[0,0],[3,94],[0,0],[111,-34.5]],"v":[[761.19,389.5],[722.69,392],[649.19,525],[649.19,530.5]],"c":true},"ix":1},"o":{"a":0,"k":100,"ix":3},"x":{"a":0,"k":0,"ix":4},"nm":"Mask 10"}],"ef":[{"ty":21,"nm":"Fill 3","np":9,"mn":"ADBE Fill","ix":1,"en":1,"ef":[{"ty":10,"nm":"Fill Mask","mn":"ADBE Fill-0001","ix":1,"v":{"a":0,"k":0,"ix":1}},{"ty":7,"nm":"All Masks","mn":"ADBE Fill-0007","ix":2,"v":{"a":0,"k":0,"ix":2}},{"ty":2,"nm":"Color","mn":"ADBE Fill-0002","ix":3,"v":{"a":0,"k":[0,0,0,1],"ix":3}},{"ty":7,"nm":"Invert","mn":"ADBE Fill-0006","ix":4,"v":{"a":0,"k":0,"ix":4}},{"ty":0,"nm":"Horizontal Feather","mn":"ADBE Fill-0003","ix":5,"v":{"a":0,"k":0,"ix":5}},{"ty":0,"nm":"Vertical Feather","mn":"ADBE Fill-0004","ix":6,"v":{"a":0,"k":0,"ix":6}},{"ty":0,"nm":"Opacity","mn":"ADBE Fill-0005","ix":7,"v":{"a":0,"k":1,"ix":7}}]}],"sw":1200,"sh":900,"sc":"#000000","ip":0,"op":2703.00011009545,"st":0,"bm":0},{"ddd":0,"ind":4,"ty":4,"nm":"blueCircle","sr":1,"ks":{"o":{"a":0,"k":100,"ix":11},"r":{"a":0,"k":0,"ix":10},"p":{"a":0,"k":[277.5,263.5,0],"ix":2},"a":{"a":0,"k":[0,0,0],"ix":1},"s":{"a":0,"k":[100,100,100],"ix":6}},"ao":0,"shapes":[{"ty":"gr","it":[{"d":1,"ty":"el","s":{"a":0,"k":[477,477],"ix":2},"p":{"a":0,"k":[0,0],"ix":3},"nm":"Ellipse Path 1","mn":"ADBE Vector Shape - Ellipse","hd":false},{"ty":"fl","c":{"a":0,"k":[0,0.823528992896,1,1],"ix":4},"o":{"a":0,"k":100,"ix":5},"r":1,"bm":0,"nm":"Fill 1","mn":"ADBE Vector Graphic - Fill","hd":false},{"ty":"tr","p":{"a":0,"k":[1.5,-2.5],"ix":2},"a":{"a":0,"k":[0,0],"ix":1},"s":{"a":0,"k":[108.587,107.74],"ix":3},"r":{"a":0,"k":0,"ix":6},"o":{"a":0,"k":100,"ix":7},"sk":{"a":0,"k":0,"ix":4},"sa":{"a":0,"k":0,"ix":5},"nm":"Transform"}],"nm":"Ellipse 1","np":3,"cix":2,"bm":0,"ix":1,"mn":"ADBE Vector Group","hd":false}],"ip":0,"op":2703.00011009545,"st":0,"bm":0}],"markers":[]}